{"n_cases": 20, "cases": [{"prompt": "q: what colour is the fox?\n", "ctx": [4, 1, 27, 12, 5, 24, 1, 7, 19, 16, 19, 25, 22, 1, 13, 23, 1, 24, 12, 9, 1, 10, 19, 28, 3, 0], "logits": [15.756025314331055, 19.544166564941406, 10.964619636535645, 13.220457077026367, -2.843946933746338, 4.061923503875732, -5.404029846191406, 0.6596089601516724, -4.5300469398498535, 0.6715409755706787, -4.0847883224487305, 2.3988256454467773, -9.362244606018066, -8.583733558654785, 0.2212822437286377, -17.608081817626953, -1.7246854305267334, -2.6503703594207764, 3.062929630279541, -19.480663299560547, -2.1558685302734375, -2.912926435470581, -5.947074890136719, 2.966630697250366, 16.60586929321289, 12.115594863891602, -15.184045791625977, 16.35753631591797, -7.874595642089844, -2.989061117172241, -1.7728604078292847]}, {"prompt": "q: where does the mole live?\n", "ctx": [27, 12, 9, 22, 9, 1, 8, 19, 9, 23, 1, 24, 12, 9, 1, 17, 19, 16, 9, 1, 16, 13, 26, 9, 3, 0], "logits": [12.99666690826416, -23.10395050048828, 2.4305155277252197, -14.648514747619629, 0.2855375409126282, -11.043367385864258, -1.5097036361694336, 7.510090351104736, 6.457703590393066, -13.13524055480957, -2.537585735321045, -8.790072441101074, -0.24939227104187012, -1.3404176235198975, 1.3316378593444824, -5.651721954345703, -6.8920183181762695, -6.631239414215088, 7.085813522338867, 2.5803730487823486, 0.9883222579956055, 0.47752130031585693, 4.695392608642578, -8.953506469726562, 25.21544075012207, 12.851213455200195, -2.6262223720550537, 17.29195785522461, 2.7087762355804443, 5.934727191925049, -1.2797620296478271]}, {"prompt": "q: what does the whale eat?\n", "ctx": [1, 27, 12, 5, 24, 1, 8, 19, 9, 23, 1, 24, 12, 9, 1, 27, 12, 5, 16, 9, 1, 9, 5, 24, 3, 0], "logits": [6.538717269897461, 15.492278099060059, 4.987204074859619, -1.926767110824585, -1.8187271356582642, -10.098156929016113, 4.638345718383789, 1.592729091644287, 1.4952231645584106, -6.970849990844727, -4.318635940551758, -0.4569096565246582, 10.1690673828125, -5.555015563964844, -0.5479466915130615, -9.898162841796875, -11.179454803466797, -2.1828413009643555, -1.778595209121704, -3.8152434825897217, 13.127304077148438, -0.9931139349937439, -7.148587226867676, -5.364908218383789, 15.743849754333496, -11.157212257385254, 3.307466983795166, 11.195977210998535, -6.902579307556152, 6.013541221618652, -0.8077633380889893]}, {"prompt": "q: what colour is the wolf?\n", "ctx": [1, 27, 12, 5, 24, 1, 7, 19, 16, 19, 25, 22, 1, 13, 23, 1, 24, 12, 9, 1, 27, 19, 16, 10, 3, 0], "logits": [12.437920570373535, 19.491256713867188, 8.235421180725098, 1.2034807205200195, -0.8958773016929626, 3.3636884689331055, -3.686570644378662, -4.1770830154418945, 1.8147048950195312, 4.712533950805664, -4.523038864135742, 4.533249855041504, 8.535849571228027, -2.665736675262451, -1.9564714431762695, -6.073363304138184, -11.126972198486328, -11.554656982421875, -16.41533088684082, -9.636028289794922, 5.126894950866699, -0.9527570009231567, -15.054803848266602, 12.435077667236328, 14.291082382202148, -14.470121383666992, 2.2872135639190674, 8.889724731445312, -1.1078526973724365, -0.49846065044403076, -0.13685381412506104]}, {"prompt": "q: what does the puma eat?\n", "ctx": [4, 1, 27, 12, 5, 24, 1, 8, 19, 9, 23, 1, 24, 12, 9, 1, 20, 25, 17, 5, 1, 9, 5, 24, 3, 0], "logits": [12.269025802612305, 10.508779525756836, 7.82484245300293, 10.660759925842285, 0.9347891807556152, -8.196732521057129, -3.8548576831817627, 5.669629096984863, -5.146102428436279, -16.54466438293457, 2.031383991241455, -5.558219909667969, 6.989490509033203, -11.050651550292969, 1.61504328250885, -11.9713134765625, -15.005826950073242, -0.431699275970459, 3.8870797157287598, -2.8350861072540283, 4.160947799682617, -0.3261439800262451, -12.616886138916016, -1.523120403289795, 22.44596290588379, -5.762361526489258, -0.9127230644226074, 20.337059020996094, -5.683073997497559, 5.461311340332031, 0.03161567449569702]}, {"prompt": "q: where does the elf live?\n", "ctx": [1, 27, 12, 9, 22, 9, 1, 8, 19, 9, 23, 1, 24, 12, 9, 1, 9, 16, 10, 1, 16, 13, 26, 9, 3, 0], "logits": [11.671820640563965, -11.895878791809082, -7.352484703063965, 8.45280647277832, -0.9415729641914368, -19.536575317382812, -0.3174983263015747, 5.756259918212891, -1.5657432079315186, -11.293523788452148, 1.2122142314910889, 2.3064725399017334, -6.317187309265137, 8.001359939575195, -0.17961740493774414, -15.508379936218262, -19.746919631958008, -3.4829986095428467, 13.571715354919434, -4.65230131149292, -3.767669200897217, -0.7918362021446228, 6.728951454162598, 8.76104736328125, 24.268966674804688, -2.247419834136963, -2.00140380859375, 23.991931915283203, -1.6217482089996338, 5.265783309936523, -2.346256732940674]}, {"prompt": "the fox is ", "ctx": [0, 0, 0, 0, 0, 0, 0, 0, 0, 0, 0, 0, 0, 0, 0, 24, 12, 9, 1, 10, 19, 28, 1, 13, 23, 1], "logits": [-5.049459457397461, -29.679725646972656, -3.9047865867614746, 3.1082286834716797, -3.1554133892059326, -8.398021697998047, 9.287431716918945, 4.655519485473633, -3.7650012969970703, -2.129246234893799, 3.8319954872131348, 13.713027954101562, -6.670291900634766, 5.003108501434326, -1.842921495437622, -2.8451414108276367, 12.550004005432129, -4.281055450439453, -8.462639808654785, 0.9078890085220337, -0.7891206741333008, -2.2082443237304688, 24.611064910888672, -8.98819351196289, 8.748822212219238, -9.275983810424805, 10.024688720703125, 12.608476638793945, -4.760088920593262, -4.857837200164795, -2.0777809619903564]}, {"prompt": "the snail lives in the ", "ctx": [0, 0, 0, 24, 12, 9, 1, 23, 18, 5, 13, 16, 1, 16, 13, 26, 9, 23, 1, 13, 18, 1, 24, 12, 9, 1], "logits": [-13.193063735961914, -19.41151237487793, -14.629592895507812, -11.723695755004883, -4.681957244873047, -0.16828584671020508, 12.930784225463867, -1.4693050384521484, -4.9842915534973145, 4.729246616363525, 10.237878799438477, 24.058029174804688, 7.607748508453369, -7.192329406738281, 0.2698463201522827, -0.1792910099029541, -3.8311777114868164, 9.904006958007812, 6.520692825317383, 4.645630836486816, 4.090384483337402, -5.4187750816345215, 4.544545650482178, 9.061665534973145, 6.197273254394531, -4.685732841491699, -2.876039981842041, 8.374820709228516, -2.961759567260742, -10.685407638549805, -4.24354362487793]}, {"prompt": "the whale eats ", "ctx": [0, 0, 0, 0, 0, 0, 0, 0, 0, 0, 0, 24, 12, 9, 1, 27, 12, 5, 16, 9, 1, 9, 5, 24, 23, 1], "logits": [-1.1459438800811768, -17.400394439697266, 1.326616883277893, -5.453742504119873, -4.027429580688477, -11.065011978149414, 7.352263450622559, 5.471745491027832, -1.4894130229949951, -5.962158203125, 10.427294731140137, 9.696139335632324, -12.16592788696289, 3.7436275482177734, 7.587031364440918, -6.252587795257568, 5.753851413726807, 9.830041885375977, 0.7984118461608887, -7.22608757019043, 20.848506927490234, -3.3146238327026367, -1.6129226684570312, 1.515829086303711, 10.62895679473877, -16.03412437438965, -7.414015293121338, 9.956892013549805, -8.373522758483887, -0.34576189517974854, -2.637662887573242]}, {"prompt": "the wolf is ", "ctx": [0, 0, 0, 0, 0, 0, 0, 0, 0, 0, 0, 0, 0, 0, 24, 12, 9, 1, 27, 19, 16, 10, 1, 13, 23, 1], "logits": [-5.646207809448242, -25.69387435913086, -3.3142528533935547, 3.528958559036255, -2.6296024322509766, -17.71182632446289, 14.710579872131348, 2.1245391368865967, -3.125338554382324, -1.5981740951538086, 9.402145385742188, 24.827743530273438, -10.154794692993164, -0.0075400471687316895, 7.898810386657715, -11.299384117126465, 7.579169750213623, 5.107777118682861, -10.378227233886719, 2.803600311279297, 13.200506210327148, -2.459289073944092, 9.226557731628418, 0.3228569030761719, 10.582229614257812, -17.218502044677734, -1.6053752899169922, 9.839583396911621, -6.138757228851318, -6.649240493774414, -1.8473658561706543]}, {"prompt": "the seal eats ", "ctx": [0, 0, 0, 0, 0, 0, 0, 0, 0, 0, 0, 0, 24, 12, 9, 1, 23, 9, 5, 16, 1, 9, 5, 24, 23, 1],